<?xml version="1.0" encoding="UTF-8"?><config>
  <kiosk/>
  <applications>
    <application label="Velocity" package="com.wavelink.velocity" activity="com.wavelink.velocity.te.SplashActivity"/>
    <application label="Net Analyzer" package="net.techet.netanalyzerlite.an" activity="net.techet.netanalyzerlite.an.activity.MainActivity"/>
    
  <application label="StageNow" package="com.symbol.tool.stagenow" activity="com.symbol.tool.stagenow.main.HomeScreen"/>
  <application label="Vysor" package="com.koushikdutta.vysor" activity="com.koushikdutta.vysor.StartActivity"/>
  </applications>
  <tools/>
  <passwords>
    <admin attempts="1">wqCS6lzpgQOaRW9jkKuYJhAjtalxBnFIL72vbNy3c4k=rS1ux3E2KCpWkwe8M147A4xsvH1vLq8SERYcdT7NxVg=</admin>
  </passwords>
  <user_options>
    <icon_settings>
      <app_icon_size>L</app_icon_size>
    </icon_settings>
  </user_options>
  <preferences>
    <admin_inactivity_timeout>600</admin_inactivity_timeout>
    <orientation/>
    <wallpaper>/sdcard/StageNowFiles/Wallpapers/Zebra-MC945A.png</wallpaper>
    <usb_debugging_disabled>0</usb_debugging_disabled>
    <icon_label_text_color>#FFFFFFFF</icon_label_text_color>
    <recent_apps_button_disabled>1</recent_apps_button_disabled>
    <auto_launch_enable>0</auto_launch_enable>
    <admin_max_attempts>9999</admin_max_attempts>
    <system_settings_restricted>1</system_settings_restricted>
    <recent_apps_access_disabled>0</recent_apps_access_disabled>
    <icon_label_background_color>#00FFFFFF</icon_label_background_color>
    <kiosk_mode_enabled>0</kiosk_mode_enabled>
    <title>ICL</title>
    <wireless_info>
      <show_ip_address>0</show_ip_address>
      <show_mac_address>0</show_mac_address>
      <show_bssid>0</show_bssid>
      <show_ssid>0</show_ssid>
      <show_scan_result>0</show_scan_result>
    </wireless_info>
    <screen_blanking>
      <blanking_enabled>0</blanking_enabled>
      <speed_threshold>10</speed_threshold>
      <blanking_mode>1</blanking_mode>
    </screen_blanking>
  </preferences>
</config>
